title,description,url,remote_testing_support,adaptive_irt_support,duration_minutes,test_type
Assessment 1,"This is a simulated description for Assessment 1, designed to evaluate various competencies.",https://www.shl.com/assessment-1,No,No,15,Technical
Assessment 2,"This is a simulated description for Assessment 2, designed to evaluate various competencies.",https://www.shl.com/assessment-2,Yes,Yes,50,Behavioral
Assessment 3,"This is a simulated description for Assessment 3, designed to evaluate various competencies.",https://www.shl.com/assessment-3,Yes,Yes,60,Behavioral
Assessment 4,"This is a simulated description for Assessment 4, designed to evaluate various competencies.",https://www.shl.com/assessment-4,No,No,50,Situational Judgment
Assessment 5,"This is a simulated description for Assessment 5, designed to evaluate various competencies.",https://www.shl.com/assessment-5,Yes,No,10,Situational Judgment
Assessment 6,"This is a simulated description for Assessment 6, designed to evaluate various competencies.",https://www.shl.com/assessment-6,No,Yes,25,Personality
Assessment 7,"This is a simulated description for Assessment 7, designed to evaluate various competencies.",https://www.shl.com/assessment-7,Yes,Yes,30,Skills
Assessment 8,"This is a simulated description for Assessment 8, designed to evaluate various competencies.",https://www.shl.com/assessment-8,Yes,No,70,Situational Judgment
Assessment 9,"This is a simulated description for Assessment 9, designed to evaluate various competencies.",https://www.shl.com/assessment-9,No,No,30,Cognitive
Assessment 10,"This is a simulated description for Assessment 10, designed to evaluate various competencies.",https://www.shl.com/assessment-10,No,No,55,Cognitive
Assessment 11,"This is a simulated description for Assessment 11, designed to evaluate various competencies.",https://www.shl.com/assessment-11,Yes,Yes,15,Technical
Assessment 12,"This is a simulated description for Assessment 12, designed to evaluate various competencies.",https://www.shl.com/assessment-12,No,Yes,75,Cognitive
Assessment 13,"This is a simulated description for Assessment 13, designed to evaluate various competencies.",https://www.shl.com/assessment-13,Yes,No,45,Behavioral
Assessment 14,"This is a simulated description for Assessment 14, designed to evaluate various competencies.",https://www.shl.com/assessment-14,Yes,No,35,Behavioral
Assessment 15,"This is a simulated description for Assessment 15, designed to evaluate various competencies.",https://www.shl.com/assessment-15,Yes,No,10,Personality
Assessment 16,"This is a simulated description for Assessment 16, designed to evaluate various competencies.",https://www.shl.com/assessment-16,No,No,65,Behavioral
Assessment 17,"This is a simulated description for Assessment 17, designed to evaluate various competencies.",https://www.shl.com/assessment-17,No,Yes,20,Behavioral
Assessment 18,"This is a simulated description for Assessment 18, designed to evaluate various competencies.",https://www.shl.com/assessment-18,No,No,60,Behavioral
Assessment 19,"This is a simulated description for Assessment 19, designed to evaluate various competencies.",https://www.shl.com/assessment-19,No,No,55,Technical
Assessment 20,"This is a simulated description for Assessment 20, designed to evaluate various competencies.",https://www.shl.com/assessment-20,No,No,85,Cognitive
Assessment 21,"This is a simulated description for Assessment 21, designed to evaluate various competencies.",https://www.shl.com/assessment-21,Yes,Yes,15,Skills
Assessment 22,"This is a simulated description for Assessment 22, designed to evaluate various competencies.",https://www.shl.com/assessment-22,Yes,No,70,Situational Judgment
Assessment 23,"This is a simulated description for Assessment 23, designed to evaluate various competencies.",https://www.shl.com/assessment-23,No,No,50,Skills
Assessment 24,"This is a simulated description for Assessment 24, designed to evaluate various competencies.",https://www.shl.com/assessment-24,No,No,35,Technical
Assessment 25,"This is a simulated description for Assessment 25, designed to evaluate various competencies.",https://www.shl.com/assessment-25,Yes,No,20,Behavioral
Assessment 26,"This is a simulated description for Assessment 26, designed to evaluate various competencies.",https://www.shl.com/assessment-26,No,No,10,Cognitive
Assessment 27,"This is a simulated description for Assessment 27, designed to evaluate various competencies.",https://www.shl.com/assessment-27,No,No,75,Personality
Assessment 28,"This is a simulated description for Assessment 28, designed to evaluate various competencies.",https://www.shl.com/assessment-28,No,No,65,Technical
Assessment 29,"This is a simulated description for Assessment 29, designed to evaluate various competencies.",https://www.shl.com/assessment-29,Yes,Yes,90,Behavioral
Assessment 30,"This is a simulated description for Assessment 30, designed to evaluate various competencies.",https://www.shl.com/assessment-30,No,No,35,Behavioral
Assessment 31,"This is a simulated description for Assessment 31, designed to evaluate various competencies.",https://www.shl.com/assessment-31,No,No,60,Personality
Assessment 32,"This is a simulated description for Assessment 32, designed to evaluate various competencies.",https://www.shl.com/assessment-32,No,Yes,15,Cognitive
Assessment 33,"This is a simulated description for Assessment 33, designed to evaluate various competencies.",https://www.shl.com/assessment-33,No,Yes,15,Skills
Assessment 34,"This is a simulated description for Assessment 34, designed to evaluate various competencies.",https://www.shl.com/assessment-34,Yes,No,80,Situational Judgment
Assessment 35,"This is a simulated description for Assessment 35, designed to evaluate various competencies.",https://www.shl.com/assessment-35,Yes,Yes,65,Behavioral
Assessment 36,"This is a simulated description for Assessment 36, designed to evaluate various competencies.",https://www.shl.com/assessment-36,Yes,No,45,Technical
Assessment 37,"This is a simulated description for Assessment 37, designed to evaluate various competencies.",https://www.shl.com/assessment-37,No,Yes,60,Personality
Assessment 38,"This is a simulated description for Assessment 38, designed to evaluate various competencies.",https://www.shl.com/assessment-38,No,Yes,60,Personality
Assessment 39,"This is a simulated description for Assessment 39, designed to evaluate various competencies.",https://www.shl.com/assessment-39,Yes,No,70,Technical
Assessment 40,"This is a simulated description for Assessment 40, designed to evaluate various competencies.",https://www.shl.com/assessment-40,No,Yes,35,Situational Judgment
Assessment 41,"This is a simulated description for Assessment 41, designed to evaluate various competencies.",https://www.shl.com/assessment-41,Yes,No,70,Skills
Assessment 42,"This is a simulated description for Assessment 42, designed to evaluate various competencies.",https://www.shl.com/assessment-42,Yes,No,90,Cognitive
Assessment 43,"This is a simulated description for Assessment 43, designed to evaluate various competencies.",https://www.shl.com/assessment-43,No,No,60,Technical
Assessment 44,"This is a simulated description for Assessment 44, designed to evaluate various competencies.",https://www.shl.com/assessment-44,No,No,55,Technical
Assessment 45,"This is a simulated description for Assessment 45, designed to evaluate various competencies.",https://www.shl.com/assessment-45,Yes,Yes,35,Skills
Assessment 46,"This is a simulated description for Assessment 46, designed to evaluate various competencies.",https://www.shl.com/assessment-46,No,No,35,Personality
Assessment 47,"This is a simulated description for Assessment 47, designed to evaluate various competencies.",https://www.shl.com/assessment-47,Yes,No,20,Technical
Assessment 48,"This is a simulated description for Assessment 48, designed to evaluate various competencies.",https://www.shl.com/assessment-48,No,No,90,Situational Judgment
Assessment 49,"This is a simulated description for Assessment 49, designed to evaluate various competencies.",https://www.shl.com/assessment-49,Yes,Yes,40,Situational Judgment
Assessment 50,"This is a simulated description for Assessment 50, designed to evaluate various competencies.",https://www.shl.com/assessment-50,Yes,Yes,75,Situational Judgment
Assessment 51,"This is a simulated description for Assessment 51, designed to evaluate various competencies.",https://www.shl.com/assessment-51,Yes,Yes,85,Personality
Assessment 52,"This is a simulated description for Assessment 52, designed to evaluate various competencies.",https://www.shl.com/assessment-52,No,Yes,60,Skills
Assessment 53,"This is a simulated description for Assessment 53, designed to evaluate various competencies.",https://www.shl.com/assessment-53,Yes,No,80,Situational Judgment
Assessment 54,"This is a simulated description for Assessment 54, designed to evaluate various competencies.",https://www.shl.com/assessment-54,No,Yes,40,Behavioral
Assessment 55,"This is a simulated description for Assessment 55, designed to evaluate various competencies.",https://www.shl.com/assessment-55,Yes,Yes,60,Personality
Assessment 56,"This is a simulated description for Assessment 56, designed to evaluate various competencies.",https://www.shl.com/assessment-56,Yes,No,70,Behavioral
Assessment 57,"This is a simulated description for Assessment 57, designed to evaluate various competencies.",https://www.shl.com/assessment-57,No,No,25,Technical
Assessment 58,"This is a simulated description for Assessment 58, designed to evaluate various competencies.",https://www.shl.com/assessment-58,Yes,Yes,90,Personality
Assessment 59,"This is a simulated description for Assessment 59, designed to evaluate various competencies.",https://www.shl.com/assessment-59,No,Yes,10,Skills
Assessment 60,"This is a simulated description for Assessment 60, designed to evaluate various competencies.",https://www.shl.com/assessment-60,Yes,Yes,75,Skills
Assessment 61,"This is a simulated description for Assessment 61, designed to evaluate various competencies.",https://www.shl.com/assessment-61,No,Yes,45,Behavioral
Assessment 62,"This is a simulated description for Assessment 62, designed to evaluate various competencies.",https://www.shl.com/assessment-62,Yes,No,35,Technical
Assessment 63,"This is a simulated description for Assessment 63, designed to evaluate various competencies.",https://www.shl.com/assessment-63,No,No,15,Technical
Assessment 64,"This is a simulated description for Assessment 64, designed to evaluate various competencies.",https://www.shl.com/assessment-64,No,No,20,Personality
Assessment 65,"This is a simulated description for Assessment 65, designed to evaluate various competencies.",https://www.shl.com/assessment-65,No,No,80,Cognitive
Assessment 66,"This is a simulated description for Assessment 66, designed to evaluate various competencies.",https://www.shl.com/assessment-66,Yes,Yes,35,Behavioral
Assessment 67,"This is a simulated description for Assessment 67, designed to evaluate various competencies.",https://www.shl.com/assessment-67,Yes,No,75,Situational Judgment
Assessment 68,"This is a simulated description for Assessment 68, designed to evaluate various competencies.",https://www.shl.com/assessment-68,Yes,No,90,Cognitive
Assessment 69,"This is a simulated description for Assessment 69, designed to evaluate various competencies.",https://www.shl.com/assessment-69,No,Yes,45,Situational Judgment
Assessment 70,"This is a simulated description for Assessment 70, designed to evaluate various competencies.",https://www.shl.com/assessment-70,No,Yes,55,Situational Judgment
Assessment 71,"This is a simulated description for Assessment 71, designed to evaluate various competencies.",https://www.shl.com/assessment-71,Yes,No,65,Behavioral
Assessment 72,"This is a simulated description for Assessment 72, designed to evaluate various competencies.",https://www.shl.com/assessment-72,No,No,20,Skills
Assessment 73,"This is a simulated description for Assessment 73, designed to evaluate various competencies.",https://www.shl.com/assessment-73,No,Yes,55,Technical
Assessment 74,"This is a simulated description for Assessment 74, designed to evaluate various competencies.",https://www.shl.com/assessment-74,No,Yes,75,Technical
Assessment 75,"This is a simulated description for Assessment 75, designed to evaluate various competencies.",https://www.shl.com/assessment-75,No,Yes,35,Skills
Assessment 76,"This is a simulated description for Assessment 76, designed to evaluate various competencies.",https://www.shl.com/assessment-76,Yes,No,15,Situational Judgment
Assessment 77,"This is a simulated description for Assessment 77, designed to evaluate various competencies.",https://www.shl.com/assessment-77,No,No,75,Cognitive
Assessment 78,"This is a simulated description for Assessment 78, designed to evaluate various competencies.",https://www.shl.com/assessment-78,Yes,No,40,Skills
Assessment 79,"This is a simulated description for Assessment 79, designed to evaluate various competencies.",https://www.shl.com/assessment-79,No,Yes,70,Personality
Assessment 80,"This is a simulated description for Assessment 80, designed to evaluate various competencies.",https://www.shl.com/assessment-80,No,Yes,20,Behavioral
Assessment 81,"This is a simulated description for Assessment 81, designed to evaluate various competencies.",https://www.shl.com/assessment-81,No,Yes,25,Technical
Assessment 82,"This is a simulated description for Assessment 82, designed to evaluate various competencies.",https://www.shl.com/assessment-82,Yes,No,90,Behavioral
Assessment 83,"This is a simulated description for Assessment 83, designed to evaluate various competencies.",https://www.shl.com/assessment-83,No,Yes,35,Cognitive
Assessment 84,"This is a simulated description for Assessment 84, designed to evaluate various competencies.",https://www.shl.com/assessment-84,No,No,10,Situational Judgment
Assessment 85,"This is a simulated description for Assessment 85, designed to evaluate various competencies.",https://www.shl.com/assessment-85,Yes,No,35,Skills
Assessment 86,"This is a simulated description for Assessment 86, designed to evaluate various competencies.",https://www.shl.com/assessment-86,Yes,Yes,25,Skills
Assessment 87,"This is a simulated description for Assessment 87, designed to evaluate various competencies.",https://www.shl.com/assessment-87,Yes,Yes,60,Cognitive
Assessment 88,"This is a simulated description for Assessment 88, designed to evaluate various competencies.",https://www.shl.com/assessment-88,No,No,25,Cognitive
Assessment 89,"This is a simulated description for Assessment 89, designed to evaluate various competencies.",https://www.shl.com/assessment-89,No,No,30,Situational Judgment
Assessment 90,"This is a simulated description for Assessment 90, designed to evaluate various competencies.",https://www.shl.com/assessment-90,Yes,Yes,30,Situational Judgment
Assessment 91,"This is a simulated description for Assessment 91, designed to evaluate various competencies.",https://www.shl.com/assessment-91,No,Yes,20,Situational Judgment
Assessment 92,"This is a simulated description for Assessment 92, designed to evaluate various competencies.",https://www.shl.com/assessment-92,No,Yes,15,Situational Judgment
Assessment 93,"This is a simulated description for Assessment 93, designed to evaluate various competencies.",https://www.shl.com/assessment-93,Yes,Yes,85,Situational Judgment
Assessment 94,"This is a simulated description for Assessment 94, designed to evaluate various competencies.",https://www.shl.com/assessment-94,Yes,Yes,55,Personality
Assessment 95,"This is a simulated description for Assessment 95, designed to evaluate various competencies.",https://www.shl.com/assessment-95,Yes,Yes,60,Situational Judgment
Assessment 96,"This is a simulated description for Assessment 96, designed to evaluate various competencies.",https://www.shl.com/assessment-96,No,No,35,Technical
Assessment 97,"This is a simulated description for Assessment 97, designed to evaluate various competencies.",https://www.shl.com/assessment-97,No,Yes,35,Personality
Assessment 98,"This is a simulated description for Assessment 98, designed to evaluate various competencies.",https://www.shl.com/assessment-98,Yes,No,30,Situational Judgment
Assessment 99,"This is a simulated description for Assessment 99, designed to evaluate various competencies.",https://www.shl.com/assessment-99,Yes,No,15,Behavioral
Assessment 100,"This is a simulated description for Assessment 100, designed to evaluate various competencies.",https://www.shl.com/assessment-100,Yes,No,40,Technical
